ReservationID,GuestName,RoomNumber,CheckInDate,CheckOutDate,NumberOfGuests,ReservationStatus,TotalAmount,PhoneNumber,Email,SpecialRequests,CreatedAt,UpdatedAt
1,Guest 1,249,2025-03-15,2024-10-12,2,Pending,776.88,555-257-9906,guest1@example.com,Special request 1,2024-09-01 10:25:36.070,2024-09-01 10:25:36.070
2,Guest 2,265,2024-12-10,2025-04-11,2,Pending,812.28,555-923-4220,guest2@example.com,Special request 2,2024-09-01 10:25:36.070,2024-09-01 10:25:36.070
3,Guest 3,475,2024-10-18,2025-06-01,4,Confirmed,686.11,555-415-9980,guest3@example.com,No special requests,2024-09-01 10:25:36.070,2024-09-01 10:25:36.070
4,Guest 4,292,2025-04-01,2025-08-26,5,Pending,395.16,555-141-3794,guest4@example.com,Special request 4,2024-09-01 10:25:36.070,2024-09-01 10:25:36.070
5,Guest 5,204,2024-12-31,2025-07-06,5,Pending,921.65,555-916-4328,guest5@example.com,Special request 5,2024-09-01 10:25:36.070,2024-09-01 10:25:36.070
6,Guest 6,158,2024-10-16,2025-06-29,3,Confirmed,229.34,555-869-5300,guest6@example.com,Special request 6,2024-09-01 10:25:36.070,2024-09-01 10:25:36.070
7,Guest 7,470,2025-02-14,2024-11-19,2,Confirmed,287.89,555-269-8861,guest7@example.com,Special request 7,2024-09-01 10:25:36.070,2024-09-01 10:25:36.070
8,Guest 8,272,2025-05-06,2025-02-12,2,Pending,216.6,555-811-4003,guest8@example.com,Special request 8,2024-09-01 10:25:36.070,2024-09-01 10:25:36.070
9,Guest 9,295,2024-10-21,2025-08-06,4,Pending,380.14,555-224-1738,guest9@example.com,No special requests,2024-09-01 10:25:36.070,2024-09-01 10:25:36.070
10,Guest 10,119,2025-02-15,2025-06-07,1,Confirmed,828.3,555-309-4377,guest10@example.com,Special request 10,2024-09-01 10:25:36.070,2024-09-01 10:25:36.070
11,Guest 11,289,2025-07-12,2024-09-25,2,Confirmed,211.02,555-501-1754,guest11@example.com,No special requests,2024-09-01 10:25:36.070,2024-09-01 10:25:36.070
12,Guest 12,311,2025-06-15,2025-07-13,3,Pending,139.33,555-339-5411,guest12@example.com,Special request 12,2024-09-01 10:25:36.070,2024-09-01 10:25:36.070
13,Guest 13,210,2025-02-03,2025-08-26,2,Pending,987.6,555-873-8741,guest13@example.com,No special requests,2024-09-01 10:25:36.070,2024-09-01 10:25:36.070
14,Guest 14,249,2025-07-18,2024-11-22,5,Pending,302.1,555-416-8982,guest14@example.com,No special requests,2024-09-01 10:25:36.070,2024-09-01 10:25:36.070
15,Guest 15,288,2025-02-07,2025-08-15,1,Confirmed,946.26,555-163-8101,guest15@example.com,Special request 15,2024-09-01 10:25:36.070,2024-09-01 10:25:36.070
16,Guest 16,370,2024-09-25,2024-09-22,2,Confirmed,433.47,555-883-2875,guest16@example.com,Special request 16,2024-09-01 10:25:36.070,2024-09-01 10:25:36.070
17,Guest 17,444,2024-12-24,2025-08-30,5,Pending,629.94,555-346-4117,guest17@example.com,Special request 17,2024-09-01 10:25:36.073,2024-09-01 10:25:36.073
18,Guest 18,368,2025-08-12,2025-04-04,4,Pending,786.24,555-812-1300,guest18@example.com,Special request 18,2024-09-01 10:25:36.073,2024-09-01 10:25:36.073
19,Guest 19,439,2025-01-04,2025-04-05,3,Confirmed,764.96,555-447-1850,guest19@example.com,Special request 19,2024-09-01 10:25:36.073,2024-09-01 10:25:36.073
20,Guest 20,276,2025-02-21,2025-02-20,1,Pending,330.86,555-343-7223,guest20@example.com,No special requests,2024-09-01 10:25:36.073,2024-09-01 10:25:36.073
21,Guest 21,420,2025-01-29,2025-07-18,5,Pending,543.41,555-331-4816,guest21@example.com,No special requests,2024-09-01 10:25:36.073,2024-09-01 10:25:36.073
22,Guest 22,452,2025-08-25,2024-10-02,1,Pending,885.27,555-589-4881,guest22@example.com,Special request 22,2024-09-01 10:25:36.073,2024-09-01 10:25:36.073
23,Guest 23,379,2024-10-23,2025-05-17,5,Pending,879.85,555-725-5311,guest23@example.com,Special request 23,2024-09-01 10:25:36.073,2024-09-01 10:25:36.073
24,Guest 24,452,2025-03-28,2025-08-13,2,Confirmed,938.1,555-727-2537,guest24@example.com,Special request 24,2024-09-01 10:25:36.073,2024-09-01 10:25:36.073
25,Guest 25,325,2025-07-05,2025-03-19,1,Confirmed,725.62,555-556-2535,guest25@example.com,Special request 25,2024-09-01 10:25:36.073,2024-09-01 10:25:36.073
26,Guest 26,138,2025-03-03,2025-01-06,3,Confirmed,169.52,555-642-3426,guest26@example.com,Special request 26,2024-09-01 10:25:36.073,2024-09-01 10:25:36.073
27,Guest 27,174,2024-10-21,2024-11-17,2,Pending,388.15,555-951-2577,guest27@example.com,Special request 27,2024-09-01 10:25:36.073,2024-09-01 10:25:36.073
28,Guest 28,446,2025-05-06,2025-07-31,4,Confirmed,250.14,555-478-4927,guest28@example.com,Special request 28,2024-09-01 10:25:36.073,2024-09-01 10:25:36.073
29,Guest 29,475,2024-10-14,2024-12-10,3,Confirmed,795.52,555-244-4322,guest29@example.com,Special request 29,2024-09-01 10:25:36.073,2024-09-01 10:25:36.073
30,Guest 30,349,2025-08-06,2025-03-06,4,Pending,201.0,555-396-6013,guest30@example.com,Special request 30,2024-09-01 10:25:36.073,2024-09-01 10:25:36.073
31,Guest 31,433,2025-05-25,2025-07-06,2,Pending,908.29,555-990-8059,guest31@example.com,Special request 31,2024-09-01 10:25:36.073,2024-09-01 10:25:36.073
32,Guest 32,388,2024-12-10,2025-04-19,1,Confirmed,885.17,555-548-4065,guest32@example.com,Special request 32,2024-09-01 10:25:36.073,2024-09-01 10:25:36.073
33,Guest 33,434,2025-07-05,2025-08-26,1,Pending,600.24,555-983-3575,guest33@example.com,No special requests,2024-09-01 10:25:36.077,2024-09-01 10:25:36.077
34,Guest 34,474,2024-11-07,2024-10-07,1,Pending,510.79,555-618-6599,guest34@example.com,Special request 34,2024-09-01 10:25:36.077,2024-09-01 10:25:36.077
35,Guest 35,358,2025-02-16,2025-06-19,5,Pending,460.75,555-994-5820,guest35@example.com,Special request 35,2024-09-01 10:25:36.077,2024-09-01 10:25:36.077
36,Guest 36,359,2024-11-16,2025-08-09,4,Confirmed,569.14,555-746-6807,guest36@example.com,Special request 36,2024-09-01 10:25:36.077,2024-09-01 10:25:36.077
37,Guest 37,362,2025-06-09,2025-05-27,3,Confirmed,525.16,555-767-3871,guest37@example.com,No special requests,2024-09-01 10:25:36.077,2024-09-01 10:25:36.077
38,Guest 38,376,2024-10-30,2025-05-16,4,Pending,191.48,555-209-6577,guest38@example.com,Special request 38,2024-09-01 10:25:36.077,2024-09-01 10:25:36.077
39,Guest 39,252,2024-11-07,2024-10-15,4,Confirmed,773.52,555-328-5724,guest39@example.com,Special request 39,2024-09-01 10:25:36.077,2024-09-01 10:25:36.077
40,Guest 40,284,2025-03-13,2025-07-16,2,Confirmed,211.82,555-623-3855,guest40@example.com,Special request 40,2024-09-01 10:25:36.077,2024-09-01 10:25:36.077
41,Guest 41,220,2025-08-08,2025-05-31,3,Pending,158.46,555-942-6674,guest41@example.com,No special requests,2024-09-01 10:25:36.077,2024-09-01 10:25:36.077
42,Guest 42,256,2025-02-19,2025-06-03,2,Pending,200.59,555-731-9246,guest42@example.com,Special request 42,2024-09-01 10:25:36.077,2024-09-01 10:25:36.077
43,Guest 43,423,2025-02-16,2024-11-23,1,Pending,659.86,555-161-7826,guest43@example.com,No special requests,2024-09-01 10:25:36.077,2024-09-01 10:25:36.077
44,Guest 44,103,2025-03-01,2025-01-29,2,Pending,107.69,555-307-4226,guest44@example.com,Special request 44,2024-09-01 10:25:36.077,2024-09-01 10:25:36.077
45,Guest 45,240,2025-06-13,2025-08-12,4,Pending,722.18,555-664-2190,guest45@example.com,Special request 45,2024-09-01 10:25:36.077,2024-09-01 10:25:36.077
46,Guest 46,271,2025-01-27,2024-10-07,2,Confirmed,713.31,555-586-2236,guest46@example.com,Special request 46,2024-09-01 10:25:36.077,2024-09-01 10:25:36.077
47,Guest 47,231,2025-02-23,2025-06-17,5,Pending,343.89,555-852-6251,guest47@example.com,No special requests,2024-09-01 10:25:36.083,2024-09-01 10:25:36.083
48,Guest 48,318,2025-07-06,2025-01-09,2,Pending,178.23,555-295-1446,guest48@example.com,No special requests,2024-09-01 10:25:36.083,2024-09-01 10:25:36.083
49,Guest 49,434,2025-08-04,2025-05-03,3,Confirmed,791.72,555-280-7191,guest49@example.com,Special request 49,2024-09-01 10:25:36.083,2024-09-01 10:25:36.083
50,Guest 50,362,2024-12-05,2025-06-26,1,Pending,420.66,555-574-3623,guest50@example.com,Special request 50,2024-09-01 10:25:36.083,2024-09-01 10:25:36.083
51,Guest 51,452,2025-03-31,2025-02-20,1,Confirmed,962.61,555-543-6250,guest51@example.com,Special request 51,2024-09-01 10:25:36.083,2024-09-01 10:25:36.083
52,Guest 52,251,2025-04-29,2025-08-16,3,Pending,666.85,555-495-6565,guest52@example.com,Special request 52,2024-09-01 10:25:36.083,2024-09-01 10:25:36.083
53,Guest 53,333,2025-05-06,2024-11-14,5,Pending,297.81,555-680-7158,guest53@example.com,Special request 53,2024-09-01 10:25:36.083,2024-09-01 10:25:36.083
54,Guest 54,218,2025-06-14,2025-03-13,2,Pending,538.75,555-975-4970,guest54@example.com,Special request 54,2024-09-01 10:25:36.083,2024-09-01 10:25:36.083
55,Guest 55,185,2025-05-02,2024-12-19,3,Pending,297.45,555-341-7749,guest55@example.com,Special request 55,2024-09-01 10:25:36.083,2024-09-01 10:25:36.083
56,Guest 56,105,2024-09-03,2025-03-28,1,Confirmed,900.68,555-709-2367,guest56@example.com,Special request 56,2024-09-01 10:25:36.083,2024-09-01 10:25:36.083
57,Guest 57,368,2025-08-25,2024-10-09,3,Pending,495.84,555-455-6859,guest57@example.com,Special request 57,2024-09-01 10:25:36.083,2024-09-01 10:25:36.083
58,Guest 58,149,2025-01-05,2025-01-20,1,Pending,286.4,555-523-3622,guest58@example.com,Special request 58,2024-09-01 10:25:36.083,2024-09-01 10:25:36.083
59,Guest 59,379,2025-05-10,2025-02-24,4,Confirmed,476.37,555-999-9393,guest59@example.com,Special request 59,2024-09-01 10:25:36.083,2024-09-01 10:25:36.083
60,Guest 60,127,2025-01-26,2025-01-23,1,Pending,527.27,555-683-9489,guest60@example.com,No special requests,2024-09-01 10:25:36.083,2024-09-01 10:25:36.083
61,Guest 61,354,2025-08-21,2025-05-08,2,Pending,475.39,555-501-4415,guest61@example.com,Special request 61,2024-09-01 10:25:36.083,2024-09-01 10:25:36.083
62,Guest 62,310,2024-11-01,2025-07-20,3,Pending,946.83,555-946-6976,guest62@example.com,No special requests,2024-09-01 10:25:36.087,2024-09-01 10:25:36.087
63,Guest 63,328,2025-04-16,2024-09-22,5,Pending,967.84,555-470-1236,guest63@example.com,Special request 63,2024-09-01 10:25:36.087,2024-09-01 10:25:36.087
64,Guest 64,440,2024-12-30,2025-02-07,1,Confirmed,358.56,555-797-7935,guest64@example.com,Special request 64,2024-09-01 10:25:36.087,2024-09-01 10:25:36.087
65,Guest 65,154,2025-07-15,2024-11-02,5,Pending,253.64,555-610-5879,guest65@example.com,Special request 65,2024-09-01 10:25:36.087,2024-09-01 10:25:36.087
66,Guest 66,470,2024-12-10,2024-10-05,4,Confirmed,577.25,555-688-5739,guest66@example.com,Special request 66,2024-09-01 10:25:36.087,2024-09-01 10:25:36.087
67,Guest 67,108,2024-10-07,2024-12-03,5,Confirmed,410.65,555-826-8312,guest67@example.com,Special request 67,2024-09-01 10:25:36.087,2024-09-01 10:25:36.087
68,Guest 68,472,2024-09-14,2025-02-18,2,Pending,762.71,555-777-8739,guest68@example.com,Special request 68,2024-09-01 10:25:36.087,2024-09-01 10:25:36.087
69,Guest 69,351,2025-03-29,2024-09-05,1,Confirmed,624.97,555-460-8796,guest69@example.com,No special requests,2024-09-01 10:25:36.087,2024-09-01 10:25:36.087
70,Guest 70,102,2025-03-19,2025-03-22,2,Confirmed,916.17,555-162-8053,guest70@example.com,Special request 70,2024-09-01 10:25:36.087,2024-09-01 10:25:36.087
71,Guest 71,353,2024-11-10,2025-05-09,5,Pending,302.34,555-929-8062,guest71@example.com,Special request 71,2024-09-01 10:25:36.087,2024-09-01 10:25:36.087
72,Guest 72,123,2024-09-01,2024-09-07,4,Pending,881.56,555-179-1078,guest72@example.com,Special request 72,2024-09-01 10:25:36.087,2024-09-01 10:25:36.087
73,Guest 73,491,2025-02-05,2025-03-22,5,Confirmed,451.4,555-133-3965,guest73@example.com,Special request 73,2024-09-01 10:25:36.087,2024-09-01 10:25:36.087
74,Guest 74,136,2024-09-06,2025-08-07,4,Pending,282.67,555-868-2917,guest74@example.com,No special requests,2024-09-01 10:25:36.087,2024-09-01 10:25:36.087
75,Guest 75,324,2025-02-24,2025-04-25,5,Confirmed,398.27,555-914-6484,guest75@example.com,Special request 75,2024-09-01 10:25:36.087,2024-09-01 10:25:36.087
76,Guest 76,482,2024-12-13,2025-04-28,3,Pending,987.2,555-962-7072,guest76@example.com,Special request 76,2024-09-01 10:25:36.087,2024-09-01 10:25:36.087
77,Guest 77,203,2024-09-15,2025-06-01,2,Confirmed,327.4,555-971-2684,guest77@example.com,Special request 77,2024-09-01 10:25:36.090,2024-09-01 10:25:36.090
78,Guest 78,177,2025-07-04,2025-07-06,5,Confirmed,271.69,555-642-5868,guest78@example.com,Special request 78,2024-09-01 10:25:36.090,2024-09-01 10:25:36.090
79,Guest 79,307,2024-09-18,2025-05-19,4,Confirmed,561.03,555-737-5310,guest79@example.com,Special request 79,2024-09-01 10:25:36.090,2024-09-01 10:25:36.090
80,Guest 80,100,2025-02-08,2025-03-13,4,Pending,187.45,555-425-1751,guest80@example.com,Special request 80,2024-09-01 10:25:36.090,2024-09-01 10:25:36.090
81,Guest 81,135,2024-10-04,2025-03-31,4,Pending,305.6,555-423-4406,guest81@example.com,No special requests,2024-09-01 10:25:36.090,2024-09-01 10:25:36.090
82,Guest 82,118,2025-04-28,2025-06-06,1,Pending,431.96,555-939-8918,guest82@example.com,No special requests,2024-09-01 10:25:36.090,2024-09-01 10:25:36.090
83,Guest 83,133,2025-08-01,2024-11-13,2,Confirmed,848.03,555-385-4253,guest83@example.com,No special requests,2024-09-01 10:25:36.090,2024-09-01 10:25:36.090
84,Guest 84,296,2025-02-27,2025-03-06,4,Confirmed,458.58,555-819-4696,guest84@example.com,Special request 84,2024-09-01 10:25:36.090,2024-09-01 10:25:36.090
85,Guest 85,462,2024-11-09,2025-07-22,4,Confirmed,181.9,555-792-1910,guest85@example.com,Special request 85,2024-09-01 10:25:36.090,2024-09-01 10:25:36.090
86,Guest 86,222,2025-03-14,2024-10-01,5,Confirmed,436.52,555-918-8431,guest86@example.com,No special requests,2024-09-01 10:25:36.090,2024-09-01 10:25:36.090
87,Guest 87,260,2024-10-09,2025-06-04,5,Pending,726.86,555-533-2114,guest87@example.com,Special request 87,2024-09-01 10:25:36.090,2024-09-01 10:25:36.090
88,Guest 88,136,2025-06-19,2025-05-24,1,Confirmed,456.35,555-490-7766,guest88@example.com,Special request 88,2024-09-01 10:25:36.090,2024-09-01 10:25:36.090
89,Guest 89,453,2025-06-27,2024-10-14,2,Pending,716.85,555-142-1039,guest89@example.com,Special request 89,2024-09-01 10:25:36.090,2024-09-01 10:25:36.090
90,Guest 90,437,2025-05-11,2024-12-31,5,Confirmed,507.49,555-593-3578,guest90@example.com,Special request 90,2024-09-01 10:25:36.090,2024-09-01 10:25:36.090
91,Guest 91,349,2025-04-06,2025-05-29,1,Confirmed,615.97,555-656-2524,guest91@example.com,No special requests,2024-09-01 10:25:36.090,2024-09-01 10:25:36.090
92,Guest 92,322,2024-10-24,2025-08-23,4,Confirmed,981.0,555-201-2094,guest92@example.com,No special requests,2024-09-01 10:25:36.093,2024-09-01 10:25:36.093
93,Guest 93,216,2025-08-19,2025-07-09,3,Pending,441.12,555-651-5325,guest93@example.com,No special requests,2024-09-01 10:25:36.093,2024-09-01 10:25:36.093
94,Guest 94,162,2024-12-28,2025-04-15,1,Confirmed,728.6,555-681-6263,guest94@example.com,No special requests,2024-09-01 10:25:36.097,2024-09-01 10:25:36.097
95,Guest 95,164,2024-10-29,2025-02-20,4,Pending,285.13,555-771-6101,guest95@example.com,Special request 95,2024-09-01 10:25:36.097,2024-09-01 10:25:36.097
96,Guest 96,428,2025-04-26,2025-05-04,3,Confirmed,416.8,555-423-8425,guest96@example.com,Special request 96,2024-09-01 10:25:36.097,2024-09-01 10:25:36.097
97,Guest 97,223,2024-12-10,2025-05-31,3,Pending,953.0,555-270-7381,guest97@example.com,Special request 97,2024-09-01 10:25:36.097,2024-09-01 10:25:36.097
98,Guest 98,142,2024-12-20,2025-02-02,4,Confirmed,542.88,555-213-6959,guest98@example.com,Special request 98,2024-09-01 10:25:36.097,2024-09-01 10:25:36.097
99,Guest 99,487,2024-09-20,2025-07-08,1,Pending,811.25,555-488-3467,guest99@example.com,Special request 99,2024-09-01 10:25:36.097,2024-09-01 10:25:36.097
100,Guest 100,492,2025-04-22,2024-09-30,5,Confirmed,648.93,555-999-7532,guest100@example.com,Special request 100,2024-09-01 10:25:36.097,2024-09-01 10:25:36.097
101,John,1,2024-09-01,2024-09-01,1,Confirmed,1000.0,89348393433,gurugram@gmail.com,Need Hot Water 6 in the monring,2024-09-01 10:34:19.673,2024-09-01 10:34:19.673
